WHETSTONE,UNALIGNED_READ_ACCESS,UNALIGNED_WRITE_ACCESS,UNALIGNED_ACCESS,INST_SPEC_EXEC_LDREX,INST_SPEC_EXEC_STREX_PASS,INST_SPEC_EXEC_STREX_FAIL
3000,84969,0,84969,0,0,0
3000,84946,0,84946,0,0,0
3000,84944,0,84944,0,0,0
3000,84944,0,84944,0,0,0
3000,84944,0,84944,0,0,0
3000,84946,0,84946,0,0,0
6000,84944,0,84944,0,0,0
6000,84946,0,84946,0,0,0
6000,84944,0,84944,0,0,0
6000,84944,0,84944,0,0,0
6000,84946,0,84946,0,0,0
6000,84946,0,84946,0,0,0
12000,84979,0,84979,0,0,0
12000,84946,0,84946,0,0,0
12000,84952,0,84952,0,0,0
12000,84948,0,84948,0,0,0
12000,84946,0,84946,0,0,0
12000,84946,0,84946,0,0,0
24000,84946,0,84946,0,0,0
24000,84946,0,84946,0,0,0
24000,84946,0,84946,0,0,0
24000,84946,0,84946,0,0,0
24000,84944,0,84944,0,0,0
24000,84944,0,84944,0,0,0
48000,84975,0,84975,0,0,0
48000,84944,0,84944,0,0,0
48000,84944,0,84944,0,0,0
48000,84944,0,84944,0,0,0
48000,84944,0,84944,0,0,0
48000,84946,0,84946,0,0,0
